{
    "version": "1.0.2",
    "meta_feature_names": [
        "NumberOfInstances","NumberOfFeatures","NumberOfClasses","PercentageOfNumericFeatures"
    ],
    "portfolio": [
        {
            "class": "xgboost",
            "hyperparameters": {
                "n_estimators": 319,
                "max_leaves": 1312,
                "min_child_weight": 0.001,
                "learning_rate": 0.01872379806270421,
                "subsample": 0.6890079660561895,
                "colsample_bylevel": 0.7551225121854014,
                "colsample_bytree": 0.7860755604500558,
                "reg_alpha": 0.17028752704343114,
                "reg_lambda": 1.4375743264564231
            }
        },
        {
            "class": "xgboost",
            "hyperparameters": {
                "n_estimators": 7902,
                "max_leaves": 49,
                "min_child_weight": 0.038063497848955595,
                "learning_rate": 0.0009765625,
                "subsample": 0.9357800695141445,
                "colsample_bylevel": 0.47031312177249246,
                "colsample_bytree": 0.9053386579586192,
                "reg_alpha": 1.5286102593845932,
                "reg_lambda": 18.96811296717419
            }
        },
        {
            "class": "xgboost",
            "hyperparameters": {
                "n_estimators": 13499,
                "max_leaves": 60,
                "min_child_weight": 0.008494221584011285,
                "learning_rate": 0.006955765856675575,
                "subsample": 0.5965241023754743,
                "colsample_bylevel": 0.590641168068946,
                "colsample_bytree": 1.0,
                "reg_alpha": 0.2522240954379289,
                "reg_lambda": 5.351809144038808
            }
        },
        {
            "class": "xgboost",
            "hyperparameters": {
                "n_estimators": 591,
                "max_leaves": 16651,
                "min_child_weight": 0.03356567864689129,
                "learning_rate": 0.002595066436678338,
                "subsample": 0.9114132805513452,
                "colsample_bylevel": 0.9503441844594458,
                "colsample_bytree": 0.5703338448066768,
                "reg_alpha": 0.010405212349127894,
                "reg_lambda": 0.05352660657433639
            }
        }
    ],
    "preprocessing": {
        "center": [
            18000.0,
            28.0,
            2.0,
            0.7565217391304347
        ],
        "scale": [
            42124.0,
            130.0,
            1.0,
            0.5714285714285715
        ]
    },
    "neighbors": [
        {
            "features": [
                1.196467571930491,
                1.0923076923076922,
                0.0,
                0.4260869565217391
            ],
            "choice": [
                0,
                3,
                2,
                1
            ]
        },
        {
            "features": [
                11.096856898680088,
                -0.16153846153846155,
                0.0,
                -0.5739130434782609
            ],
            "choice": [
                0,
                2,
                3,
                1
            ]
        },
        {
            "features": [
                8.658152122305575,
                0.38461538461538464,
                0.0,
                -0.7405797101449274
            ],
            "choice": [
                2,
                0,
                1,
                3
            ]
        },
        {
            "features": [
                0.27281359794891274,
                -0.14615384615384616,
                0.0,
                -1.3239130434782607
            ],
            "choice": [
                3,
                0,
                2,
                1
            ]
        },
        {
            "features": [
                -0.4125676573924604,
                -0.1076923076923077,
                0.0,
                -0.5739130434782609
            ],
            "choice": [
                3,
                1,
                0,
                2
            ]
        },
        {
            "features": [
                0.6409647706770487,
                1.5538461538461539,
                0.0,
                0.0
            ],
            "choice": [
                1,
                0,
                2,
                3
            ]
        },
        {
            "features": [
                2.3515573069983855,
                0.16923076923076924,
                0.0,
                0.4260869565217391
            ],
            "choice": [
                2,
                0,
                1,
                3
            ]
        },
        {
            "features": [
                0.6162045389801538,
                -0.1076923076923077,
                0.0,
                -0.5739130434782609
            ],
            "choice": [
                1,
                0,
                2,
                3
            ]
        },
        {
            "features": [
                0.5386240622922799,
                -0.09230769230769231,
                0.0,
                -0.5582880434782608
            ],
            "choice": [
                0,
                1,
                3,
                2
            ]
        },
        {
            "features": [
                -0.41133320672300827,
                -0.18461538461538463,
                0.0,
                0.4260869565217391
            ],
            "choice": [
                2,
                1,
                0,
                3
            ]
        },
        {
            "features": [
                -0.31155635742094767,
                12.36923076923077,
                0.0,
                0.3865087169129372
            ],
            "choice": [
                2,
                1,
                0,
                3
            ]
        },
        {
            "features": [
                -0.40594435476213087,
                -0.06153846153846154,
                0.0,
                -0.7114130434782607
            ],
            "choice": [
                0,
                1,
                2,
                3
            ]
        },
        {
            "features": [
                0.0,
                32.83076923076923,
                0.0,
                0.4260869565217391
            ],
            "choice": [
                0
            ]
        },
        {
            "features": [
                1.6675766783781218,
                0.0,
                0.0,
                0.4260869565217391
            ],
            "choice": [
                2,
                0,
                1,
                3
            ]
        },
        {
            "features": [
                -0.36356946158959264,
                0.8923076923076924,
                0.0,
                -1.2266908212560386
            ],
            "choice": [
                3,
                1,
                0,
                2
            ]
        },
        {
            "features": [
                -0.38225239768303104,
                -0.05384615384615385,
                0.0,
                0.4260869565217391
            ],
            "choice": [
                3,
                2,
                0,
                1
            ]
        },
        {
            "features": [
                -0.3590352293229513,
                0.06153846153846154,
                0.0,
                -1.3239130434782607
            ],
            "choice": [
                2,
                0,
                1,
                3
            ]
        },
        {
            "features": [
                0.3090399772101415,
                0.6923076923076923,
                0.0,
                -0.003997789240972687
            ],