{
    "version": "1.0.2",
    "meta_feature_names": [
        "NumberOfInstances","NumberOfFeatures","NumberOfClasses","PercentageOfNumericFeatures"
    ],
    "portfolio": [
        {
            "class": "xgboost",
            "hyperparameters": {
                "n_estimators": 6357,
                "max_leaves": 206,
                "min_child_weight": 1.9495322566288034,
                "learning_rate": 0.0068766724195393905,
                "subsample": 0.9451618245005704,
                "colsample_bylevel": 0.9030482524943064,
                "colsample_bytree": 0.9278972006416252,
                "reg_alpha": 0.01857648400903689,
                "reg_lambda": 6.021166480604588,
                "FLAML_sample_size": 344444
            }
        },
        {
            "class": "xgboost",
            "hyperparameters": {
                "n_estimators": 23045,
                "max_leaves": 247,
                "min_child_weight": 0.004319397499079841,
                "learning_rate": 0.0032914413473281215,
                "subsample": 0.7334190564433234,
                "colsample_bylevel": 1.0,
                "colsample_bytree": 1.0,
                "reg_alpha": 0.03514226467919635,
                "reg_lambda": 1.2679661021665851
            }
        },
        {
            "class": "xgboost",
            "hyperparameters": {
                "n_estimators": 1899,
                "max_leaves": 59,
                "min_child_weight": 0.013389019900720164,
                "learning_rate": 0.0028943401472847964,
                "subsample": 0.7808944208233943,
                "colsample_bylevel": 1.0,
                "colsample_bytree": 0.9999355357362375,
                "reg_alpha": 0.7905117773932884,
                "reg_lambda": 2.916897119216104
            }
        },
        {
            "class": "xgboost",
            "hyperparameters": {
                "n_estimators": 5611,
                "max_leaves": 61,
                "min_child_weight": 0.01070518287797225,
                "learning_rate": 0.005485127037677848,
                "subsample": 0.4713518256961299,
                "colsample_bylevel": 0.9777437906530106,
                "colsample_bytree": 0.9519335125615331,
                "reg_alpha": 0.03621564207188963,
                "reg_lambda": 1.8045765669466283
            }
        }
    ],
    "preprocessing": {
        "center": [
            36691.0,
            10.0,
            0.0,
            1.0
        ],
        "scale": [
            324551.25,
            2.5,
            1.0,
            0.36111111111111116
        ]
    },
    "neighbors": [
        {
            "features": [
                0.0,
                0.0,
                0.0,
                0.0
            ],
            "choice": [
                2,
                3,
                0,
                1
            ]
        },
        {
            "features": [
                -0.07492191140844474,
                12.0,
                0.0,
                0.0
            ],
            "choice": [
                0,
                1,
                3,
                2
            ]
        },
        {
            "features": [
                2.6600082421497375,
                -0.4,
                0.0,
                -0.923076923076923
            ],
            "choice": [
                3,
                0,
                2,
                1
            ]
        },
        {
            "features": [
                0.21039820367353385,
                -0.4,
                0.0,
                -2.4615384615384612
            ],
            "choice": [
                3,
                2,
                0,
                1
            ]
        },
        {
            "features": [
                -0.06453526215043079,
                -0.4,
                0.0,
                -0.923076923076923
            ],
            "choice": [
                2,
                3,
                0,
                1
            ]
        },
        {
            "features": [
                -0.026800081651203008,
                -0.4,
                0.0,
                -2.1538461538461537
            ],
            "choice": [
                2,
                3,
                0,
                1
            ]
        },
        {
            "features": [
                2.6600082421497375,
                3.2,
                0.0,
                -1.2307692307692306
            ],
            "choice": [
                1,
                0,
                3,
                2
            ]
        },
        {
            "features": [
                2.6600082421497375,
                0.0,
                0.0,
                -2.492307692307692
            ],
            "choice": [
                3,
                0,
                2,
                1
            ]
        },
        {
            "features": [
                0.3781868040871819,
                0.0,
                0.0,
                0.0
            ],
            "choice": [
                2,
                3,
                0,
                1
            ]
        },
        {
            "features": [
                0.0,
                0.0,
                0.0,
                0.0
            ],
            "choice": [
                3,
                0,
                1,
                2
            ]
        },
        {
            "features": [
                -0.04987193856132121,
                2.4,
                0.0,
                0.0
            ],
            "choice": [
                3,
                1,
                0,
                2
            ]
        },
        {
            "features": [
                -0.04987193856132121,
                -0.8,
                0.0,
                0.0
            ],
            "choice": [
                2,
                0,
                1,
                3
            ]
        },
        {
            "features": [
                -0.0558155299047531,
                -0.8,
                0.0,
                0.0
            ],
            "choice": [
                0,
                3,
                1,
                2
            ]
        },
        {
            "features": [
                0.0,
                0.0,
                0.0,
                -0.8307692307692308
            ],
            "choice": [
                1,
                0,
                3,
                2
            ]
        },
        {
            "features": [
                2.729362465866331,
                0.0,
                0.0,
                0.0
            ],
            "choice": [
                1,
                0,
                3,
                2
            ]
        },
        {
            "features": [
                -0.07145558675247746,
                15.2,
                0.0,
                0.0
            ],
            "choice": [
                0,
                3,
                1,
                2
            ]
        }
    ],
    "configsource": [
        "Albert",
        "mv",
        "bng_echomonths",
        "house_16H"
    ]
}
